Date,Code,CoName,FY,SectorNm,FQ,Section
2023-02-14,43760,偔傆偆僇儞僷僯乕,9寧30擔,忣曬丒捠怣嬈,戞侾巐敿婜,僌儘乕僗
2023-02-14,70410,俠俼俧儂乕儖僨傿儞僌僗,9寧30擔,僒乕價僗嬈,戞侾巐敿婜,僌儘乕僗
2023-02-14,81390,僫僈儂儕,3寧31擔,壍攧嬈,戞俁巐敿婜,僗僞儞僟乕僪
2023-02-14,42000,俫俠俽儂乕儖僨傿儞僌僗,3寧31擔,忣曬丒捠怣嬈,戞俁巐敿婜,僗僞儞僟乕僪
2023-02-14,34090,杒擔杮朼愌,3寧31擔,慇堐惢昳,戞俁巐敿婜,僗僞儞僟乕僪
2023-02-14,67310,僺僋僙儔,9寧30擔,揹婥婡婍,戞侾巐敿婜,僗僞儞僟乕僪
2023-02-14,41930,僼傽僽儕僇僐儈儏僯働乕僔儑儞僘,3寧31擔,忣曬丒捠怣嬈,戞俁巐敿婜,僗僞儞僟乕僪
2023-02-14,38650,杒墇僐乕億儗乕僔儑儞,3寧31擔,僷儖僾丒巻,戞俁巐敿婜,僾儔僀儉
2023-02-14,32540,僾儗僒儞僗僐乕億儗乕僔儑儞,9寧30擔,晄摦嶻嬈,戞侾巐敿婜,僗僞儞僟乕僪
2023-02-14,18100,徏堜寶愝,3寧31擔,寶愝嬈,戞俁巐敿婜,僾儔僀儉
2023-02-14,29330,婭暥怘昳,3寧31擔,怘椏昳,戞俁巐敿婜,僾儔僀儉
2023-02-14,98500,僌儖儊媙壆,3寧31擔,彫攧嬈,戞俁巐敿婜,僾儔僀儉
2023-02-14,39790,偆傞傞,3寧31擔,忣曬丒捠怣嬈,戞俁巐敿婜,僌儘乕僗
2023-02-14,17800,儎儅僂儔,3寧31擔,寶愝嬈,戞俁巐敿婜,僾儔僀儉
2023-02-14,41160,戝擔惛壔岺嬈,3寧31擔,壔妛,戞俁巐敿婜,僾儔僀儉
2023-02-14,18150,揝寶寶愝,3寧31擔,寶愝嬈,戞俁巐敿婜,僾儔僀儉
2023-02-14,70920,俥倎倱倲丂俥倝倲値倕倱倱丂俰倎倫倎値,3寧31擔,僒乕價僗嬈,戞俁巐敿婜,僾儔僀儉
2023-02-14,64240,崅尒戲僒僀僶僱僥傿僢僋僗,3寧31擔,婡夿,戞俁巐敿婜,僗僞儞僟乕僪
2023-02-14,78370,傾乕儖僔乕僐傾,3寧31擔,偦偺懠惢昳,戞俁巐敿婜,僗僞儞僟乕僪
2023-02-14,90600,擔杮儘僕僥儉,3寧31擔,棨塣嬈,戞俁巐敿婜,僗僞儞僟乕僪
2023-02-14,61900,僼僃僯僢僋僗僶僀僆,3寧31擔,僒乕價僗嬈,戞俁巐敿婜,僌儘乕僗
2023-02-14,39890,僔僃傾儕儞僌僥僋僲儘僕乕,9寧30擔,忣曬丒捠怣嬈,戞侾巐敿婜,僌儘乕僗
2023-02-14,14500,揷拞寶愝岺嬈,3寧31擔,寶愝嬈,戞俁巐敿婜,僗僞儞僟乕僪
2023-02-14,26730,柌傒偮偗戉,3寧31擔,彫攧嬈,戞俁巐敿婜,僗僞儞僟乕僪
2023-02-14,44450,儕價儞丒僥僋僲儘僕乕僘,9寧30擔,忣曬丒捠怣嬈,戞侾巐敿婜,僌儘乕僗
2023-02-14,30200,傾僾儔僀僪,3寧31擔,彫攧嬈,戞俁巐敿婜,僗僞儞僟乕僪
2023-02-14,62730,俽俵俠,3寧31擔,婡夿,戞俁巐敿婜,僾儔僀儉
2023-02-14,23400,嬌妝搾儂乕儖僨傿儞僌僗,3寧31擔,僒乕價僗嬈,戞俁巐敿婜,僗僞儞僟乕僪
2023-02-14,38580,儐價僉僞僗俙俬,3寧31擔,忣曬丒捠怣嬈,戞俁巐敿婜,僗僞儞僟乕僪
2023-02-14,34470,怣榓,3寧31擔,嬥懏惢昳,戞俁巐敿婜,僗僞儞僟乕僪
2023-02-14,65510,僣僫僌僌儖乕僾丒儂乕儖僨傿儞僌僗,9寧30擔,僒乕價僗嬈,戞侾巐敿婜,僗僞儞僟乕僪
2023-02-14,18410,僒儞儐乕寶愝,3寧31擔,寶愝嬈,戞俁巐敿婜,僗僞儞僟乕僪
2023-02-14,36820,僄儞僇儗僢僕丒僥僋僲儘僕,3寧31擔,忣曬丒捠怣嬈,戞俁巐敿婜,僗僞儞僟乕僪
2023-02-14,61980,僉儍儕傾,9寧30擔,僒乕價僗嬈,戞侾巐敿婜,僌儘乕僗
2023-02-14,62380,僼儕儏乕,3寧31擔,婡夿,戞俁巐敿婜,僾儔僀儉
2023-02-14,41960,僱僆儅乕働僥傿儞僌,9寧30擔,忣曬丒捠怣嬈,戞侾巐敿婜,僗僞儞僟乕僪
2023-02-14,65640,儈僟僢僋儂乕儖僨傿儞僌僗,3寧31擔,僒乕價僗嬈,戞俁巐敿婜,僾儔僀儉
2023-02-14,75710,儎儅僲儂乕儖僨傿儞僌僗,3寧31擔,彫攧嬈,戞俁巐敿婜,僗僞儞僟乕僪
2023-02-14,39250,僟僽儖僗僞儞僟乕僪,3寧31擔,忣曬丒捠怣嬈,戞俁巐敿婜,僾儔僀儉
2023-02-14,92680,僆僾僥傿儅僗僌儖乕僾,3寧31擔,壍攧嬈,戞俁巐敿婜,僗僞儞僟乕僪
2023-02-14,32880,僆乕僾儞僴僂僗僌儖乕僾,9寧30擔,晄摦嶻嬈,戞侾巐敿婜,僾儔僀儉
2023-02-14,59390,戝扟岺嬈,3寧31擔,嬥懏惢昳,戞俁巐敿婜,僗僞儞僟乕僪
2023-02-14,99270,儚僢僩儅儞,3寧31擔,彫攧嬈,戞俁巐敿婜,僗僞儞僟乕僪
2023-02-14,99890,僒儞僪儔僢僌,3寧31擔,彫攧嬈,戞俁巐敿婜,僾儔僀儉
2023-02-14,68770,俷俛俙俼俙丂俧俼俷倀俹,9寧30擔,揹婥婡婍,戞侾巐敿婜,僗僞儞僟乕僪
2023-02-14,98850,僔儍儖儗,3寧31擔,壍攧嬈,戞俁巐敿婜,僗僞儞僟乕僪
2023-02-14,68900,僼僃儘乕僥僢僋儂乕儖僨傿儞僌僗,3寧31擔,揹婥婡婍,戞俁巐敿婜,僗僞儞僟乕僪
2023-02-14,62540,栰懞儅僀僋儘丒僒僀僄儞僗,3寧31擔,婡夿,戞俁巐敿婜,僾儔僀儉
2023-02-14,72140,俧俵俛,3寧31擔,桝憲梡婡婍,戞俁巐敿婜,僗僞儞僟乕僪
2023-02-14,19520,怴擔杮嬻挷,3寧31擔,寶愝嬈,戞俁巐敿婜,僾儔僀儉
2023-02-14,66990,僟僀儎儌儞僪僄儗僋僩儕僢僋儂乕儖僨傿儞僌僗,3寧31擔,揹婥婡婍,戞俁巐敿婜,僾儔僀儉
2023-02-14,99410,懢梞暔嶻,9寧30擔,壍攧嬈,戞侾巐敿婜,僗僞儞僟乕僪
2023-02-14,61670,晊巑僟僀僗,3寧31擔,婡夿,戞俁巐敿婜,僾儔僀儉
2023-02-14,80970,嶰垽僆僽儕,3寧31擔,壍攧嬈,戞俁巐敿婜,僾儔僀儉
2023-02-14,42650,俬値倱倲倝倲倳倲倝倧値丂倖倧倰丂倎丂俧倢倧倐倎倢丂俽倧們倝倕倲倷,3寧31擔,忣曬丒捠怣嬈,戞俁巐敿婜,僌儘乕僗
2023-02-14,50330,僰乕儔儃,3寧31擔,忣曬丒捠怣嬈,戞俁巐敿婜,僌儘乕僗
2023-02-14,30580,嶰梞摪儂乕儖僨傿儞僌僗,3寧31擔,彫攧嬈,戞俁巐敿婜,僗僞儞僟乕僪
2023-02-14,63430,僼儕乕僕傾丒儅僋儘僗,3寧31擔,婡夿,戞俁巐敿婜,僗僞儞僟乕僪
2023-02-14,71810,偐傫傐惗柦曐尟,3寧31擔,曐尟嬈,戞俁巐敿婜,僾儔僀儉
2023-02-14,43440,僜乕僗僱僋僗僩,3寧31擔,忣曬丒捠怣嬈,戞俁巐敿婜,僾儔僀儉
2023-02-14,69420,僜僼傿傾儂乕儖僨傿儞僌僗,3寧31擔,忣曬丒捠怣嬈,戞俁巐敿婜,僗僞儞僟乕僪
2023-02-14,81360,僒儞儕僆,3寧31擔,壍攧嬈,戞俁巐敿婜,僾儔僀儉
2023-02-14,96050,搶塮,3寧31擔,忣曬丒捠怣嬈,戞俁巐敿婜,僾儔僀儉
2023-02-14,50190,弌岝嫽嶻,3寧31擔,愇桘丒愇扽惢昳,戞俁巐敿婜,僾儔僀儉
2023-02-14,64940,俶俥俲儂乕儖僨傿儞僌僗,3寧31擔,婡夿,戞俁巐敿婜,僗僞儞僟乕僪
2023-02-14,42400,僋儔僗僞乕僥僋僲儘僕乕,3寧31擔,壔妛,戞俁巐敿婜,僌儘乕僗
2023-02-14,89380,僌儘乕儉丒儂乕儖僨傿儞僌僗,3寧31擔,晄摦嶻嬈,戞俁巐敿婜,僌儘乕僗
2023-02-14,87460,戞堦彜昳,3寧31擔,徹寯丄彜昳愭暔庢堷嬈,戞俁巐敿婜,僗僞儞僟乕僪
2023-02-14,90410,嬤揝僌儖乕僾儂乕儖僨傿儞僌僗,3寧31擔,棨塣嬈,戞俁巐敿婜,僾儔僀儉
2023-02-14,43460,僱僋僔傿乕僘僌儖乕僾,9寧30擔,僒乕價僗嬈,戞侾巐敿婜,僾儔僀儉
2023-02-14,39000,僋儔僂僪儚乕僋僗,9寧30擔,忣曬丒捠怣嬈,戞侾巐敿婜,僌儘乕僗
2023-02-14,36940,僆僾僥傿儉,3寧31擔,忣曬丒捠怣嬈,戞俁巐敿婜,僾儔僀儉
2023-02-14,80890,僫僀僗,3寧31擔,壍攧嬈,戞俁巐敿婜,僗僞儞僟乕僪
2023-02-14,31850,柌揥朷,3寧31擔,彫攧嬈,戞俁巐敿婜,僌儘乕僗
2023-02-14,60740,僕僃僀僄僗僄僗,3寧31擔,僒乕價僗嬈,戞俁巐敿婜,僗僞儞僟乕僪
2023-02-14,31870,僒儞儚僇儞僷僯乕,9寧30擔,彫攧嬈,戞侾巐敿婜,僌儘乕僗
2023-02-14,61760,僽儔儞僕僗僞,9寧30擔,僒乕價僗嬈,戞侾巐敿婜,僌儘乕僗
2023-02-14,70890,僼僅乕僗僞乕僩傾僢僾僗,3寧31擔,僒乕價僗嬈,戞俁巐敿婜,僌儘乕僗
2023-02-14,76770,儎僔儅僉僓僀,3寧31擔,壍攧嬈,戞俁巐敿婜,僗僞儞僟乕僪
2023-02-14,88930,怴擔杮寶暔,3寧31擔,晄摦嶻嬈,戞俁巐敿婜,僗僞儞僟乕僪
2023-02-14,65700,嫟榓僐乕億儗乕僔儑儞,3寧31擔,僒乕價僗嬈,戞俁巐敿婜,僗僞儞僟乕僪
2023-02-14,59150,嬵堜僴儖僥僢僋,3寧31擔,嬥懏惢昳,戞俁巐敿婜,僾儔僀儉
2023-02-14,39990,僫儗僢僕僗僀乕僩,9寧30擔,忣曬丒捠怣嬈,戞侾巐敿婜,僌儘乕僗
2023-02-14,96960,僂傿僓僗,3寧31擔,僒乕價僗嬈,戞俁巐敿婜,僗僞儞僟乕僪
2023-02-14,61180,傾僀僟僄儞僕僯傾儕儞僌,3寧31擔,婡夿,戞俁巐敿婜,僾儔僀儉
2023-02-14,79990,俵倀俿俷俫儂乕儖僨傿儞僌僗,3寧31擔,揹婥婡婍,戞俁巐敿婜,僗僞儞僟乕僪
2023-02-14,75930,倁俿儂乕儖僨傿儞僌僗,3寧31擔,彫攧嬈,戞俁巐敿婜,僾儔僀儉
2023-02-14,76760,僌僢僪僗僺乕僪,9寧30擔,彫攧嬈,戞侾巐敿婜,僌儘乕僗
2023-02-14,32450,僨傿傾丒儔僀僼,9寧30擔,晄摦嶻嬈,戞侾巐敿婜,僾儔僀儉
2023-02-14,93180,傾僕傾奐敪僉儍僺僞儖,3寧31擔,徹寯丄彜昳愭暔庢堷嬈,戞俁巐敿婜,僗僞儞僟乕僪
2023-02-14,35610,椡偺尮儂乕儖僨傿儞僌僗,3寧31擔,彫攧嬈,戞俁巐敿婜,僾儔僀儉
2023-02-14,87370,偁偐偮偒杮幮,3寧31擔,徹寯丄彜昳愭暔庢堷嬈,戞俁巐敿婜,僗僞儞僟乕僪
2023-02-14,40690,俛倢倳倕俵倕倣倕,3寧31擔,忣曬丒捠怣嬈,戞俁巐敿婜,僌儘乕僗
2023-02-14,65540,僄僗儐乕僄僗,9寧30擔,僒乕價僗嬈,戞侾巐敿婜,僌儘乕僗
2023-02-14,46510,僒僯僢僋僗,3寧31擔,僒乕價僗嬈,戞俁巐敿婜,僾儔僀儉
2023-02-14,63650,揹嬈幮婡夿惢嶌強,3寧31擔,婡夿,戞俁巐敿婜,僗僞儞僟乕僪
2023-02-14,61780,擔杮梄惌,3寧31擔,僒乕價僗嬈,戞俁巐敿婜,僾儔僀儉
2023-02-14,58560,僄儖傾僀僀乕僄僀僠,3寧31擔,彫攧嬈,戞俁巐敿婜,僗僞儞僟乕僪
2023-02-14,62370,僀儚僉,3寧31擔,婡夿,戞俁巐敿婜,僾儔僀儉
2023-02-14,14430,媄尋儂乕儖僨傿儞僌僗,3寧31擔,寶愝嬈,戞俁巐敿婜,僗僞儞僟乕僪
2023-02-14,43010,傾儈儏乕僘,3寧31擔,僒乕價僗嬈,戞俁巐敿婜,僾儔僀儉
2023-02-14,63580,庰堜廳岺嬈,3寧31擔,婡夿,戞俁巐敿婜,僾儔僀儉
2023-02-14,43040,俤僗僩傾乕,3寧31擔,忣曬丒捠怣嬈,戞俁巐敿婜,僗僞儞僟乕僪
2023-02-14,38630,擔杮惢巻,3寧31擔,僷儖僾丒巻,戞俁巐敿婜,僾儔僀儉
2023-02-14,67860,俼倁俫,3寧31擔,僒乕價僗嬈,戞俁巐敿婜,僗僞儞僟乕僪
2023-02-14,67940,僼僅僗僞乕揹婡,3寧31擔,揹婥婡婍,戞俁巐敿婜,僾儔僀儉
2023-02-14,80500,僙僀僐乕僌儖乕僾,3寧31擔,惛枾婡婍,戞俁巐敿婜,僾儔僀儉
2023-02-14,36740,僆乕僋僼傽儞,9寧30擔,忣曬丒捠怣嬈,戞侾巐敿婜,僌儘乕僗
2023-02-14,62330,嬌搶嶻婡,9寧30擔,婡夿,戞侾巐敿婜,僗僞儞僟乕僪
2023-02-14,87250,俵俽仌俙俢僀儞僔儏傾儔儞僗僌儖乕僾儂乕儖僨傿儞僌僗,3寧31擔,曐尟嬈,戞俁巐敿婜,僾儔僀儉
2023-02-14,32930,傾僘儅僴僂僗,3寧31擔,晄摦嶻嬈,戞俁巐敿婜,僗僞儞僟乕僪
2023-02-14,38640,嶰旽惢巻,3寧31擔,僷儖僾丒巻,戞俁巐敿婜,僾儔僀儉
2023-02-14,21580,俥俼俷俶俿俤俷,3寧31擔,僒乕價僗嬈,戞俁巐敿婜,僌儘乕僗
2023-02-14,45710,僫僲僉儍儕傾,3寧31擔,堛栻昳,戞俁巐敿婜,僌儘乕僗
2023-02-14,40310,曅憅僐乕僾傾僌儕,3寧31擔,壔妛,戞俁巐敿婜,僗僞儞僟乕僪
2023-02-14,92740,俲俹俹僌儖乕僾儂乕儖僨傿儞僌僗,3寧31擔,壍攧嬈,戞俁巐敿婜,僾儔僀儉
2023-02-14,65800,儔僀僩傾僢僾,3寧31擔,僒乕價僗嬈,戞俁巐敿婜,僌儘乕僗
2023-02-14,72840,柨榓嶻嬈,3寧31擔,桝憲梡婡婍,戞俁巐敿婜,僗僞儞僟乕僪
2023-02-14,21730,攷揥,3寧31擔,僒乕價僗嬈,戞俁巐敿婜,僌儘乕僗
2023-02-14,77460,壀杮徤巕,3寧31擔,惛枾婡婍,戞俁巐敿婜,僗僞儞僟乕僪
2023-02-14,44250,俲倳倓倎値,3寧31擔,忣曬丒捠怣嬈,戞俁巐敿婜,僌儘乕僗
2023-02-14,24150,僸儏乕儅儞儂乕儖僨傿儞僌僗,3寧31擔,僒乕價僗嬈,戞俁巐敿婜,僗僞儞僟乕僪
2023-02-14,92720,僽僥傿僢僋僗,3寧31擔,僒乕價僗嬈,戞俁巐敿婜,僌儘乕僗
2023-02-14,66150,儐乕丒僄儉丒僔乕丒僄儗僋僩儘僯僋僗,3寧31擔,揹婥婡婍,戞俁巐敿婜,僾儔僀儉
2023-02-14,65660,梫嫽嬈,3寧31擔,僒乕價僗嬈,戞俁巐敿婜,僗僞儞僟乕僪
2023-02-14,19140,擔杮婎慴媄弍,3寧31擔,寶愝嬈,戞俁巐敿婜,僗僞儞僟乕僪
2023-02-14,76950,岎姺偱偒傞偔傫,3寧31擔,彫攧嬈,戞俁巐敿婜,僌儘乕僗
2023-02-14,33970,僩儕僪乕儖儂乕儖僨傿儞僌僗,3寧31擔,彫攧嬈,戞俁巐敿婜,僾儔僀儉
2023-02-14,78000,傾儈僼傽,9寧30擔,偦偺懠惢昳,戞侾巐敿婜,僗僞儞僟乕僪
2023-02-14,44420,僶儖僥僗,3寧31擔,忣曬丒捠怣嬈,戞俁巐敿婜,僌儘乕僗
2023-02-14,32240,僛僱儔儖丒僆僀僗僞乕,3寧31擔,彫攧嬈,戞俁巐敿婜,僌儘乕僗
2023-02-14,42340,僒儞僄乕壔尋,3寧31擔,壔妛,戞俁巐敿婜,僗僞儞僟乕僪
2023-02-14,33580,儚僀僄僗僼乕僪,3寧31擔,彫攧嬈,戞俁巐敿婜,僗僞儞僟乕僪
2023-02-14,81150,儉乕儞僶僢僩,3寧31擔,壍攧嬈,戞俁巐敿婜,僗僞儞僟乕僪
2023-02-14,70910,儕價儞僌僾儔僢僩僼僅乕儉,3寧31擔,僒乕價僗嬈,戞俁巐敿婜,僌儘乕僗
2023-02-14,17190,埨摗丒娫,3寧31擔,寶愝嬈,戞俁巐敿婜,僾儔僀儉
2023-02-14,67760,揤徃揹婥岺嬈,3寧31擔,壔妛,戞俁巐敿婜,僗僞儞僟乕僪
2023-02-14,70840,俲倝倓倱丂俽倣倝倢倕丂俫倧倢倓倝値倗倱,3寧31擔,僒乕價僗嬈,戞俁巐敿婜,僌儘乕僗
2023-02-14,87660,搶嫗奀忋儂乕儖僨傿儞僌僗,3寧31擔,曐尟嬈,戞俁巐敿婜,僾儔僀儉
2023-02-14,28760,僨儖僜乕儗,3寧31擔,怘椏昳,戞俁巐敿婜,僗僞儞僟乕僪
2023-02-14,59180,戨忋岺嬈,3寧31擔,嬥懏惢昳,戞俁巐敿婜,僗僞儞僟乕僪
2023-02-14,23880,僂僃僢僕儂乕儖僨傿儞僌僗,9寧30擔,偦偺懠嬥梈嬈,戞侾巐敿婜,僌儘乕僗
2023-02-14,44210,僨傿丒傾僀丒僔僗僥儉,9寧30擔,忣曬丒捠怣嬈,戞侾巐敿婜,僗僞儞僟乕僪
2023-02-14,62470,擔嶃惢嶌強,3寧31擔,婡夿,戞俁巐敿婜,僾儔僀儉
2023-02-14,80660,嶰扟彜帠,3寧31擔,壍攧嬈,戞俁巐敿婜,僗僞儞僟乕僪
2023-02-14,90820,戝榓帺摦幵岎捠,3寧31擔,棨塣嬈,戞俁巐敿婜,僗僞儞僟乕僪
2023-02-14,57240,傾僒僇棟尋,9寧30擔,旕揝嬥懏,戞侾巐敿婜,僗僞儞僟乕僪
2023-02-14,51370,僗儅乕僩僪儔僀僽,9寧30擔,忣曬丒捠怣嬈,戞侾巐敿婜,僌儘乕僗
2023-02-14,36910,僨僕僞儖僾儔僗,9寧30擔,忣曬丒捠怣嬈,戞侾巐敿婜,僌儘乕僗
2023-02-14,43650,徏杮桘帀惢栻,3寧31擔,壔妛,戞俁巐敿婜,僗僞儞僟乕僪
2023-02-14,44960,僐儅乕僗俷値倕儂乕儖僨傿儞僌僗,3寧31擔,忣曬丒捠怣嬈,戞俁巐敿婜,僌儘乕僗
2023-02-14,79220,嶰岝嶻嬈,3寧31擔,偦偺懠惢昳,戞俁巐敿婜,僗僞儞僟乕僪
2023-02-14,21340,嶹僉儍僺僞儖儅僱乕僕儊儞僩,3寧31擔,僒乕價僗嬈,戞俁巐敿婜,僗僞儞僟乕僪
2023-02-14,73890,偁偄偪僼傿僫儞僔儍儖僌儖乕僾,3寧31擔,嬧峴嬈,戞俁巐敿婜,僾儔僀儉
2023-02-14,70780,俬俶俠俴倀俽俬倁俤,3寧31擔,僒乕價僗嬈,戞俁巐敿婜,僌儘乕僗
2023-02-14,64200,僼僋僔儅僈儕儗僀,3寧31擔,婡夿,戞俁巐敿婜,僾儔僀儉
2023-02-14,95530,儅僀僋儘傾僪,9寧30擔,僒乕價僗嬈,戞侾巐敿婜,僌儘乕僗
2023-02-14,71160,僟僀儚捠怣,3寧31擔,壍攧嬈,戞俁巐敿婜,僗僞儞僟乕僪
2023-02-14,47050,僋儕僢僾僐乕億儗乕僔儑儞,3寧31擔,僒乕價僗嬈,戞俁巐敿婜,僗僞儞僟乕僪
2023-02-14,96750,忢斨嫽嶻,3寧31擔,僒乕價僗嬈,戞俁巐敿婜,僗僞儞僟乕僪
2023-02-14,95540,俙倁倝俠,9寧30擔,僒乕價僗嬈,戞侾巐敿婜,僌儘乕僗
2023-02-14,62290,僆乕働乕僄儉,3寧31擔,婡夿,戞俁巐敿婜,僗僞儞僟乕僪
2023-02-14,33590,們倧倲倲倎,9寧30擔,壍攧嬈,戞侾巐敿婜,僌儘乕僗
2023-02-14,39330,僠僄儖,3寧31擔,忣曬丒捠怣嬈,戞俁巐敿婜,僗僞儞僟乕僪
2023-02-14,50280,僙僇儞僪僒僀僩傾僫儕僥傿僇,3寧31擔,忣曬丒捠怣嬈,戞俁巐敿婜,僌儘乕僗
2023-02-14,82550,傾僋僔傾儖丂儕僥僀儕儞僌,3寧31擔,彫攧嬈,戞俁巐敿婜,僾儔僀儉
2023-02-14,62030,朙榓岺嬈,3寧31擔,婡夿,戞俁巐敿婜,僾儔僀儉
2023-02-14,49980,僼儅僉儔乕,3寧31擔,壔妛,戞俁巐敿婜,僗僞儞僟乕僪
2023-02-14,65630,傒傜偄儚乕僋僗,9寧30擔,僒乕價僗嬈,戞侾巐敿婜,僌儘乕僗
2023-02-14,72730,僀僋儓,3寧31擔,桝憲梡婡婍,戞俁巐敿婜,僗僞儞僟乕僪
2023-02-14,23040,俠俽俽儂乕儖僨傿儞僌僗,9寧30擔,僒乕價僗嬈,戞侾巐敿婜,僗僞儞僟乕僪
2023-02-14,44370,倗倧倧倓倓倎倷倱儂乕儖僨傿儞僌僗,3寧31擔,忣曬丒捠怣嬈,戞俁巐敿婜,僌儘乕僗
2023-02-14,52120,晄擇徤巕,3寧31擔,僈儔僗丒搚愇惢昳,戞俁巐敿婜,僗僞儞僟乕僪
2023-02-14,44230,傾儖僥儕傾丒僱僢僩儚乕僋僗,3寧31擔,忣曬丒捠怣嬈,戞俁巐敿婜,僾儔僀儉
2023-02-14,40220,儔僒岺嬈,3寧31擔,壔妛,戞俁巐敿婜,僾儔僀儉
2023-02-14,24980,僆儕僄儞僞儖僐儞僒儖僞儞僣儂乕儖僨傿儞僌僗,9寧30擔,僒乕價僗嬈,戞侾巐敿婜,僗僞儞僟乕僪
2023-02-14,44360,儈儞僇僽丒僕丒僀儞僼僅僲僀僪,3寧31擔,忣曬丒捠怣嬈,戞俁巐敿婜,僌儘乕僗
2023-02-14,41670,僐僐儁儕,3寧31擔,忣曬丒捠怣嬈,戞俁巐敿婜,僌儘乕僗
2023-02-14,36610,僄儉傾僢僾儂乕儖僨傿儞僌僗,3寧31擔,忣曬丒捠怣嬈,戞俁巐敿婜,僾儔僀儉
2023-02-14,38400,僷僗,3寧31擔,忣曬丒捠怣嬈,戞俁巐敿婜,僗僞儞僟乕僪
2023-02-14,76990,僆儉僯丒僾儔僗丒僔僗僥儉丒儕儈僥僢僪,3寧31擔,壍攧嬈,戞俁巐敿婜,僌儘乕僗乮奜崙乯
2023-02-14,37080,摿庬搶奀惢巻,3寧31擔,僷儖僾丒巻,戞俁巐敿婜,僾儔僀儉
2023-02-14,62360,俶俠儂乕儖僨傿儞僌僗,3寧31擔,婡夿,戞俁巐敿婜,僗僞儞僟乕僪
2023-02-14,86300,俽俷俵俹俷儂乕儖僨傿儞僌僗,3寧31擔,曐尟嬈,戞俁巐敿婜,僾儔僀儉
2023-02-14,29980,僋儕傾儖,3寧31擔,晄摦嶻嬈,戞俁巐敿婜,僌儘乕僗
2023-02-14,77790,俠倄俛俤俼俢倄俶俤,3寧31擔,惛枾婡婍,戞俁巐敿婜,僌儘乕僗
2023-02-14,52440,倞倝倗丏倞倫,3寧31擔,忣曬丒捠怣嬈,戞俁巐敿婜,僌儘乕僗
2023-02-14,30960,僆乕僔儍儞僔僗僥儉,3寧31擔,彫攧嬈,戞俁巐敿婜,僗僞儞僟乕僪
2023-02-14,26540,傾僗儌,3寧31擔,彫攧嬈,戞俁巐敿婜,僗僞儞僟乕僪
2023-02-14,99040,儀儕僥,3寧31擔,彫攧嬈,戞俁巐敿婜,僗僞儞僟乕僪
2023-02-14,31840,俬俠俢俙儂乕儖僨傿儞僌僗,3寧31擔,彫攧嬈,戞俁巐敿婜,僗僞儞僟乕僪
2023-02-14,74130,憂寬幮,3寧31擔,壍攧嬈,戞俁巐敿婜,僗僞儞僟乕僪
2023-02-14,44190,俥倝値倎倲倕倶倲儂乕儖僨傿儞僌僗,3寧31擔,忣曬丒捠怣嬈,戞俁巐敿婜,僌儘乕僗
2023-02-14,42950,僼僃僀僗,3寧31擔,忣曬丒捠怣嬈,戞俁巐敿婜,僾儔僀儉
2023-02-14,23210,僜僼僩僼儘儞僩儂乕儖僨傿儞僌僗,3寧31擔,忣曬丒捠怣嬈,戞俁巐敿婜,僌儘乕僗
2023-02-14,42460,僟僀僉儑乕僯僔僇儚,3寧31擔,壔妛,戞俁巐敿婜,僾儔僀儉
2023-02-14,17830,傾僕傾僎乕僩儂乕儖僨傿儞僌僗,9寧30擔,寶愝嬈,戞侾巐敿婜,僗僞儞僟乕僪
2023-02-14,30880,儅僣僉儓僐僐僇儔仌僇儞僷僯乕,3寧31擔,彫攧嬈,戞俁巐敿婜,僾儔僀儉
2023-02-14,52730,嶰扟僙僉僒儞,3寧31擔,僈儔僗丒搚愇惢昳,戞俁巐敿婜,僗僞儞僟乕僪
2023-02-14,71820,備偆偪傚嬧峴,3寧31擔,嬧峴嬈,戞俁巐敿婜,僾儔僀儉
2023-02-14,63420,懢暯惢嶌強,3寧31擔,婡夿,戞俁巐敿婜,僗僞儞僟乕僪
2023-02-14,44920,僛僱僥僢僋,3寧31擔,忣曬丒捠怣嬈,戞俁巐敿婜,僗僞儞僟乕僪
2023-02-14,21830,儕僯僇儖,3寧31擔,僒乕價僗嬈,戞俁巐敿婜,僾儔僀儉
2023-02-14,34890,僼僃僀僗僱僢僩儚乕僋,3寧31擔,晄摦嶻嬈,戞俁巐敿婜,僾儔僀儉
2023-02-14,60700,僉儍儕傾儕儞僋,3寧31擔,僒乕價僗嬈,戞俁巐敿婜,僾儔僀儉
2023-02-14,92200,僄僼價乕夘岇僒乕價僗,3寧31擔,僒乕價僗嬈,戞俁巐敿婜,僗僞儞僟乕僪
2023-02-14,40980,僠僞儞岺嬈,3寧31擔,壔妛,戞俁巐敿婜,僾儔僀儉
2023-02-14,92210,僼儖僴僔俤俹俷,3寧31擔,僒乕價僗嬈,戞俁巐敿婜,僗僞儞僟乕僪
2023-02-14,74940,僐僫僇,9寧30擔,彫攧嬈,戞侾巐敿婜,僾儔僀儉
2023-02-14,73760,俛俠俠,9寧30擔,僒乕價僗嬈,戞侾巐敿婜,僌儘乕僗
2023-02-14,50710,償傿僗,3寧31擔,寶愝嬈,戞俁巐敿婜,僗僞儞僟乕僪
2023-02-14,18900,搶梞寶愝,3寧31擔,寶愝嬈,戞俁巐敿婜,僾儔僀儉
2023-02-14,67360,僒儞揹巕,3寧31擔,揹婥婡婍,戞俁巐敿婜,僗僞儞僟乕僪
2023-02-14,88360,俼俬俽俤,3寧31擔,晄摦嶻嬈,戞俁巐敿婜,僗僞儞僟乕僪
2023-02-14,47540,僩僗僱僢僩,9寧30擔,僒乕價僗嬈,戞侾巐敿婜,僗僞儞僟乕僪
2023-02-14,34430,愳揷僥僋僲儘僕乕僘,3寧31擔,嬥懏惢昳,戞俁巐敿婜,僾儔僀儉
2023-02-14,87040,僩儗僀僟乕僘儂乕儖僨傿儞僌僗,3寧31擔,徹寯丄彜昳愭暔庢堷嬈,戞俁巐敿婜,僗僞儞僟乕僪
2023-02-14,60690,僩儗儞僟乕僘,3寧31擔,僒乕價僗嬈,戞俁巐敿婜,僌儘乕僗
2023-02-14,23340,僀僆儗,3寧31擔,僒乕價僗嬈,戞俁巐敿婜,僌儘乕僗
2023-02-14,39360,僌儘乕僶儖僂僃僀,3寧31擔,忣曬丒捠怣嬈,戞俁巐敿婜,僌儘乕僗
2023-02-14,70600,僊乕僋僗,3寧31擔,僒乕價僗嬈,戞俁巐敿婜,僾儔僀儉
2023-02-14,17890,俤俿俽儂乕儖僨傿儞僌僗,9寧30擔,寶愝嬈,戞侾巐敿婜,僗僞儞僟乕僪
2023-02-14,38250,儕儈僢僋僗億僀儞僩,3寧31擔,忣曬丒捠怣嬈,戞俁巐敿婜,僗僞儞僟乕僪
2023-02-14,41770,倝乚倫倢倳倗,3寧31擔,忣曬丒捠怣嬈,戞俁巐敿婜,僌儘乕僗
2023-02-14,92580,俠俽亅俠,9寧30擔,僒乕價僗嬈,戞侾巐敿婜,僌儘乕僗
2023-02-14,93600,楅梌僔儞儚乕僩,3寧31擔,忣曬丒捠怣嬈,戞俁巐敿婜,僗僞儞僟乕僪
2023-02-14,97230,嫗搒儂僥儖,3寧31擔,僒乕價僗嬈,戞俁巐敿婜,僗僞儞僟乕僪
2023-02-14,72710,埨塱,3寧31擔,桝憲梡婡婍,戞俁巐敿婜,僾儔僀儉
2023-02-14,18120,幁搰寶愝,3寧31擔,寶愝嬈,戞俁巐敿婜,僾儔僀儉
2023-02-14,37470,僀儞僞乕僩儗乕僪,9寧30擔,忣曬丒捠怣嬈,戞侾巐敿婜,僗僞儞僟乕僪
2023-02-14,92470,俿俼俤儂乕儖僨傿儞僌僗,3寧31擔,僒乕價僗嬈,戞俁巐敿婜,僾儔僀儉
2023-02-14,42560,僒僀儞僪,3寧31擔,忣曬丒捠怣嬈,戞俁巐敿婜,僌儘乕僗
2023-02-14,39620,僠僃儞僕,3寧31擔,忣曬丒捠怣嬈,戞俁巐敿婜,僾儔僀儉
2023-02-14,96100,僂傿儖僜儞丒儔乕僯儞僌丂儚乕儖僪儚僀僪,3寧31擔,僒乕價僗嬈,戞俁巐敿婜,僗僞儞僟乕僪
2023-02-14,70570,僄僰丒僔乕丒僄僰,3寧31擔,僒乕價僗嬈,戞俁巐敿婜,僗僞儞僟乕僪
2023-02-14,87950,俿仌俢儂乕儖僨傿儞僌僗,3寧31擔,曐尟嬈,戞俁巐敿婜,僾儔僀儉
2023-02-14,39270,僼乕僶乕僽儗僀儞,3寧31擔,忣曬丒捠怣嬈,戞俁巐敿婜,僌儘乕僗
2023-02-14,77150,挿栰寁婍,3寧31擔,惛枾婡婍,戞俁巐敿婜,僾儔僀儉
2023-02-14,60850,傾乕僉僥僋僣丒僗僞僕僆丒僕儍僷儞,3寧31擔,僒乕價僗嬈,戞俁巐敿婜,僌儘乕僗
2023-02-14,66580,僔儔僀揹巕岺嬈,3寧31擔,揹婥婡婍,戞俁巐敿婜,僗僞儞僟乕僪
2023-02-14,21960,僄僗僋儕,3寧31擔,僒乕價僗嬈,戞俁巐敿婜,僾儔僀儉
2023-02-14,45410,擔堛岺,3寧31擔,堛栻昳,戞俁巐敿婜,僾儔僀儉
2023-02-14,42600,僴僀僽儕僢僪僥僋僲儘僕乕僘,9寧30擔,忣曬丒捠怣嬈,戞侾巐敿婜,僌儘乕僗
2023-02-14,42590,僄僋僒僂傿僓乕僘,3寧31擔,忣曬丒捠怣嬈,戞俁巐敿婜,僌儘乕僗
2023-02-14,65480,椃岺朳,3寧31擔,僒乕價僗嬈,戞俁巐敿婜,僌儘乕僗
2023-02-14,74550,僷儕儈僉儂乕儖僨傿儞僌僗,3寧31擔,彫攧嬈,戞俁巐敿婜,僾儔僀儉
2023-02-14,92120,俧倰倕倕値丂俤倎倰倲倛丂俬値倱倲倝倲倳倲倕,9寧30擔,僒乕價僗嬈,戞侾巐敿婜,僌儘乕僗
2023-02-14,85180,擔杮傾僕傾搳帒,3寧31擔,徹寯丄彜昳愭暔庢堷嬈,戞俁巐敿婜,僗僞儞僟乕僪
2023-02-14,72640,儉儘僐乕億儗乕僔儑儞,3寧31擔,桝憲梡婡婍,戞俁巐敿婜,僗僞儞僟乕僪
2023-02-14,30420,僙僉儏傾償僃僀儖,3寧31擔,忣曬丒捠怣嬈,戞俁巐敿婜,僌儘乕僗
2023-02-14,38450,傾僀僼儕乕僋儌僶僀儖,3寧31擔,忣曬丒捠怣嬈,戞俁巐敿婜,僗僞儞僟乕僪
2023-02-14,65020,搶幣,3寧31擔,揹婥婡婍,戞俁巐敿婜,僾儔僀儉
2023-02-14,50290,僒乕僋儗僀僗,3寧31擔,忣曬丒捠怣嬈,戞俁巐敿婜,僌儘乕僗
2023-02-14,33720,娭栧奀,3寧31擔,彫攧嬈,戞俁巐敿婜,僗僞儞僟乕僪
2023-02-14,26520,傑傫偩傜偗,9寧30擔,彫攧嬈,戞侾巐敿婜,僗僞儞僟乕僪
2023-02-14,73830,僱僢僩僾儘僥僋僔儑儞僘儂乕儖僨傿儞僌僗,3寧31擔,偦偺懠嬥梈嬈,戞俁巐敿婜,僾儔僀儉
2023-02-14,94350,岝捠怣,3寧31擔,忣曬丒捠怣嬈,戞俁巐敿婜,僾儔僀儉
2023-02-14,52690,擔杮僐儞僋儕乕僩岺嬈,3寧31擔,僈儔僗丒搚愇惢昳,戞俁巐敿婜,僾儔僀儉
2023-02-14,17110,俽俢俽儂乕儖僨傿儞僌僗,3寧31擔,寶愝嬈,戞俁巐敿婜,僗僞儞僟乕僪
2023-02-14,64160,宩愳揹婡,3寧31擔,婡夿,戞俁巐敿婜,僗僞儞僟乕僪
2023-02-14,60820,儔僀僪僆儞僄僋僗僾儗僗儂乕儖僨傿儞僌僗,3寧31擔,僒乕價僗嬈,戞俁巐敿婜,僾儔僀儉
2023-02-14,60960,儗傾僕儑僽,3寧31擔,僒乕價僗嬈,戞俁巐敿婜,僾儔僀儉
2023-02-14,75610,僴乕僋僗儗僀,3寧31擔,彫攧嬈,戞俁巐敿婜,僾儔僀儉
2023-02-14,29610,擔杮挷棟婡,9寧30擔,嬥懏惢昳,戞侾巐敿婜,僗僞儞僟乕僪
2023-02-14,81530,儌僗僼乕僪僒乕價僗,3寧31擔,壍攧嬈,戞俁巐敿婜,僾儔僀儉
2023-02-14,61920,僴僀傾僗丒傾儞僪丒僇儞僷僯乕,9寧30擔,僒乕價僗嬈,戞侾巐敿婜,僌儘乕僗
2023-02-14,69040,尨揷岺嬈,3寧31擔,揹婥婡婍,戞俁巐敿婜,僾儔僀儉
2023-02-14,87500,戞堦惗柦儂乕儖僨傿儞僌僗,3寧31擔,曐尟嬈,戞俁巐敿婜,僾儔僀儉
2023-02-14,71270,堦壠儂乕儖僨傿儞僌僗,3寧31擔,彫攧嬈,戞俁巐敿婜,僗僞儞僟乕僪
2023-02-14,49320,傾儖儅乕僪,3寧31擔,壔妛,戞俁巐敿婜,僗僞儞僟乕僪
2023-02-14,43810,價乕僾儔僢僣,3寧31擔,忣曬丒捠怣嬈,戞俁巐敿婜,僌儘乕僗
2023-02-14,76810,儗僆僋儔儞,9寧30擔,壍攧嬈,戞侾巐敿婜,僗僞儞僟乕僪
2023-02-14,66130,俻俢儗乕僓,3寧31擔,揹婥婡婍,戞俁巐敿婜,僌儘乕僗
2023-02-14,70310,僀儞僶僂儞僪僥僢僋,3寧31擔,僒乕價僗嬈,戞俁巐敿婜,僌儘乕僗
2023-02-14,73680,昞帵摂,3寧31擔,僒乕價僗嬈,戞俁巐敿婜,僗僞儞僟乕僪
2023-02-14,45980,俢倕倢倲倎亅俥倢倷丂俹倛倎倰倣倎,3寧31擔,堛栻昳,戞俁巐敿婜,僌儘乕僗
2023-02-14,66160,僩儗僢僋僗丒僙儈僐儞僟僋僞乕,3寧31擔,揹婥婡婍,戞俁巐敿婜,僾儔僀儉
2023-02-14,76940,偄偮傕,3寧31擔,彫攧嬈,戞俁巐敿婜,僌儘乕僗
2023-02-14,31210,儅乕僠儍儞僩丒僶儞僇乕僘,3寧31擔,僒乕價僗嬈,戞俁巐敿婜,僗僞儞僟乕僪
2023-02-14,93270,僀乕丒儘僕僢僩,3寧31擔,憅屔丒塣桝娭楢嬈,戞俁巐敿婜,僗僞儞僟乕僪
